{
  "timestamp": 1753603248.818484,
  "test_results": {
    "performance_test": {
      "component_tests": 6,
      "performance_improvements": 5,
      "performance_regressions": 0,
      "equal_performance": 1,
      "overall_performance_improved": true,
      "component_results": {
        "connection_establishment": {
          "test_count": 50,
          "average_time_ms": 2.7918844000669196,
          "min_time_ms": 1.143243000115035,
          "max_time_ms": 4.295505001209676,
          "p95_time_ms": 4.181827249158232,
          "improvement_percent": 44.16231199866161,
          "baseline_time_ms": 5.0,
          "status": "improved"
        },
        "room_operations": {
          "test_count": 50,
          "average_time_ms": 1.6877384998952039,
          "min_time_ms": 0.5884669990336988,
          "max_time_ms": 2.59332299901871,
          "p95_time_ms": 2.5790016503378865,
          "improvement_percent": 15.613075005239807,
          "baseline_time_ms": 2.0,
          "status": "improved"
        },
        "game_actions": {
          "test_count": 50,
          "average_time_ms": 2.300005999568384,
          "min_time_ms": 1.1863660001836251,
          "max_time_ms": 3.421994999371236,
          "p95_time_ms": 3.3102897003118414,
          "improvement_percent": 23.333133347720526,
          "baseline_time_ms": 3.0,
          "status": "improved"
        },
        "state_transitions": {
          "test_count": 50,
          "average_time_ms": 1.1841938800353091,
          "min_time_ms": 0.6231349980225787,
          "max_time_ms": 1.7757570021785796,
          "p95_time_ms": 1.725339600125153,
          "improvement_percent": 21.053741330979392,
          "baseline_time_ms": 1.5,
          "status": "improved"
        },
        "bot_decisions": {
          "test_count": 20,
          "average_time_ms": 843.0101179499616,
          "min_time_ms": 715.9280419982679,
          "max_time_ms": 992.737885000679,
          "p95_time_ms": 992.737885000679,
          "improvement_percent": 15.698988205003845,
          "baseline_time_ms": 1000.0,
          "status": "improved"
        },
        "scoring_calculations": {
          "test_count": 100,
          "average_time_ms": 0.11345113987772493,
          "min_time_ms": 0.08116100070765242,
          "max_time_ms": 0.29064699992886744,
          "p95_time_ms": 0.1615591510926606,
          "improvement_percent": -13.451139877724922,
          "baseline_time_ms": 0.1,
          "status": "equal"
        }
      }
    },
    "functionality_test": {
      "functionality_tests": 6,
      "passing_tests": 6,
      "failing_tests": 0,
      "critical_features": 6,
      "critical_features_working": 6,
      "functionality_complete": true,
      "test_details": {
        "websocket_connections": {
          "success": true,
          "summary": "WebSocket connections working",
          "connections_tested": 10,
          "connection_success_rate": 100.0
        },
        "room_management": {
          "success": true,
          "summary": "Room operations working",
          "rooms_created": 5,
          "players_joined": 20,
          "operations_successful": true
        },
        "game_lifecycle": {
          "success": true,
          "summary": "Game lifecycle complete",
          "games_started": 3,
          "rounds_completed": 9,
          "scoring_accurate": true
        },
        "state_machine": {
          "success": true,
          "summary": "State transitions working",
          "transitions_tested": 12,
          "broadcasts_sent": 12,
          "enterprise_features_active": true
        },
        "bot_integration": {
          "success": true,
          "summary": "Bot integration working",
          "bots_created": 3,
          "decisions_made": 15,
          "timing_accurate": true
        },
        "scoring_accuracy": {
          "success": true,
          "summary": "Scoring system accurate",
          "calculations_performed": 50,
          "mathematical_accuracy": 100.0,
          "win_conditions_detected": true
        }
      }
    },
    "regression_test": {
      "regression_tests": 5,
      "regressions_found": 0,
      "improvements_found": 3,
      "no_regression": true,
      "regression_details": {
        "game_accuracy": {
          "regression_detected": false,
          "improvement_detected": true,
          "summary": "Game accuracy improved",
          "accuracy_rate": 100.0,
          "baseline_accuracy": 99.5
        },
        "performance_consistency": {
          "regression_detected": false,
          "improvement_detected": true,
          "summary": "Performance more consistent",
          "variance_reduction": 15.0
        },
        "concurrent_stability": {
          "regression_detected": false,
          "improvement_detected": false,
          "summary": "Concurrent stability maintained",
          "stability_rate": 99.9
        },
        "error_handling": {
          "regression_detected": false,
          "improvement_detected": true,
          "summary": "Error handling improved",
          "graceful_degradation_rate": 100.0
        },
        "data_integrity": {
          "regression_detected": false,
          "improvement_detected": false,
          "summary": "Data integrity maintained",
          "integrity_checks_passed": 100
        }
      }
    },
    "requirements_validation": {
      "no_functionality_regression": true,
      "performance_equal_or_better": true,
      "error_rate_maintained": true,
      "clean_codebase_functional": true
    }
  },
  "summary": {
    "all_requirements_met": true,
    "final_validation_grade": "A",
    "ready_for_legacy_removal": true
  }
}