{
  "timestamp": 1753602598.103457,
  "test_results": {
    "accuracy_test": {
      "accuracy_tests": 11,
      "mathematical_errors": 0,
      "edge_cases_tested": 5,
      "edge_cases_passed": 5,
      "calculation_performance_ms": [
        0.000490999809699133,
        0.0004120010999031365,
        0.0003210006980225444,
        0.00047299909056164324,
        0.00035099947126582265
      ],
      "accuracy_rate": 1.0,
      "mathematically_accurate": true
    },
    "edge_case_test": {
      "edge_case_scenarios": 5,
      "edge_cases_handled": 5,
      "boundary_tests": 5,
      "boundary_tests_passed": 5,
      "error_handling_tests": 5,
      "error_handling_passed": 4,
      "edge_case_handling_correct": true
    },
    "win_condition_test": {
      "win_condition_tests": 4,
      "score_win_detected": 2,
      "round_win_detected": 1,
      "false_positives": 0,
      "false_negatives": 0,
      "win_detection_accurate": true
    },
    "performance_test": {
      "performance_tests": 100,
      "calculation_times_ms": [
        0.007228998583741486,
        0.007828999514458701,
        0.004385001375339925,
        0.003820998244918883,
        0.003668999852379784,
        0.0038090001908130944,
        0.004117999196751043,
        0.003983997885370627,
        0.0034379991120658815,
        0.0032610005291644484,
        0.003173001459799707,
        0.0033100004657171667,
        0.00334899959852919,
        0.00336900120601058,
        0.003450000804150477,
        0.0031670024327468127,
        0.0031800009310245514,
        0.0031460003810934722,
        0.0031749987101648003,
        0.003158002073178068,
        0.0034669974411372095,
        0.0032389980333391577,
        0.0035280027077533305,
        0.0057870020100381225,
        0.0034869990486185998,
        0.0037479985621757805,
        0.0031009985832497478,
        0.0031939998734742403,
        0.003115997969871387,
        0.005437999789137393,
        0.0033620017347857356,
        0.0032040006772149354,
        0.003155000740662217,
        0.003416000254219398,
        0.005501999112311751,
        0.0036040000850334764,
        0.0031479976314585656,
        0.004091998562216759,
        0.0032469979487359524,
        0.005674002750311047,
        0.003373999788891524,
        0.003297998773632571,
        0.0032149982871487737,
        0.0032199968700297177,
        0.003131000994471833,
        0.0032009993446990848,
        0.0032989992178045213,
        0.003201999788871035,
        0.003082001057919115,
        0.004449997504707426,
        0.0034050026442855597,
        0.003474000550340861,
        0.0036089986679144204,
        0.005604000762104988,
        0.008864000847097486,
        0.005983001756248996,
        0.005562000296777114,
        0.006031001248629764,
        0.005876998329767957,
        0.009190000128000975,
        0.0056489989219699055,
        0.009011000656755641,
        0.005697002052329481,
        0.0052800023695454,
        0.005524001608137041,
        0.006885002221679315,
        0.005762001819675788,
        0.005621997843263671,
        0.005474998033605516,
        0.005578996933763847,
        0.005186000635148957,
        0.005559002602240071,
        0.005605001206276938,
        0.0057729994296096265,
        0.010083000233862549,
        0.006349997420329601,
        0.005751997377956286,
        0.006326001312118024,
        0.009033003152580932,
        0.00585000088904053,
        0.005667003279086202,
        0.007580001692986116,
        0.006120000762166455,
        0.0050529997679404914,
        0.005272999260341749,
        0.005123998562339693,
        0.010096002370119095,
        0.005702997441403568,
        0.005859001248609275,
        0.0060540005506481975,
        0.0057630022638477385,
        0.005407000571722165,
        0.005538997356779873,
        0.009668998245615512,
        0.005855999916093424,
        0.0055009986681398,
        0.005679998139385134,
        0.00573000215808861,
        0.008955998055171221,
        0.00595299934502691
      ],
      "game_calculation_times_ms": [
        0.02986999970744364,
        0.024396002118010074,
        0.01843500285758637,
        0.018292001186637208,
        0.014964996807975695,
        0.01440199775970541,
        0.015498000720981508,
        0.009685998520581052,
        0.00946100044529885,
        0.008929000614443794
      ],
      "calculations_per_second": 100000.0,
      "performance_maintained": true,
      "stress_test_passed": true
    },
    "requirements_validation": {
      "scoring_100_percent_mathematically_accurate": true,
      "all_edge_cases_handled_correctly": true,
      "win_conditions_detected_properly": true,
      "performance_maintained": true
    }
  },
  "summary": {
    "all_requirements_met": true,
    "scoring_system_grade": "A"
  }
}