{
  "timestamp": 1753601886.788644,
  "test_results": {
    "broadcasting_test": {
      "broadcasts_sent": 8,
      "phase_changes_broadcasted": 2,
      "custom_events_broadcasted": 1,
      "broadcasting_performance_ms": [
        1.4020029993844219
      ],
      "all_changes_broadcasted": true,
      "broadcast_data_complete": true
    },
    "transition_test": {
      "valid_transitions_tested": 4,
      "invalid_transitions_blocked": 3,
      "transition_validation_working": true,
      "phase_history_accurate": true,
      "transition_performance_ms": [
        1.3174149971746374,
        1.4319719994091429,
        1.4409130017156713,
        1.2722499996016268
      ]
    },
    "history_test": {
      "history_records_created": 6,
      "sequence_numbers_correct": true,
      "timestamps_present": true,
      "reasons_recorded": true,
      "history_completeness": true,
      "serialization_performance_ms": [
        0.01504900137661025,
        0.005613001121673733,
        0.004214001819491386,
        0.003668999852379784,
        0.00368400287698023,
        0.003688997821882367,
        0.0036510027712211013,
        0.005089001206215471,
        0.0033700016501825303,
        0.003135002771159634
      ]
    },
    "concurrent_test": {
      "concurrent_operations": 20,
      "successful_operations": 20,
      "state_consistency_maintained": true,
      "sequence_order_correct": true,
      "broadcast_order_correct": true,
      "operation_times_ms": [
        1.2150889997428749,
        1.1841349987662397,
        0.005583999154623598,
        1.149799001723295,
        1.1255640019953717,
        0.005008001608075574,
        1.1490210017655045,
        1.1270319992036093,
        0.0051389979489613324,
        1.1349669985065702,
        1.1168319979333319,
        0.004161000106250867,
        1.1237039980187546,
        1.1040799981856253,
        0.004063000233145431,
        1.1187370000698138,
        1.0959339997498319,
        0.004264999006409198,
        1.1090900006820448,
        1.0925259994110093
      ]
    },
    "requirements_validation": {
      "all_phase_transitions_working": true,
      "enterprise_broadcasting_functional": true,
      "change_history_accurate": true,
      "performance_maintained": true
    }
  },
  "summary": {
    "all_requirements_met": true,
    "state_machine_grade": "A"
  }
}